{
  "spike": "B-iii worker layout round-trip",
  "host": "darwin/arm64 node v25.8.0 (worker_threads proxy for browser module worker)",
  "capturedAt": "2026-07-04T05:23:31.172Z",
  "config": {
    "WARMUP_TICKS": 30,
    "MEASURE_TICKS": 300,
    "ECHO_ITERS": 200,
    "alphaTarget": 0.3
  },
  "results": [
    {
      "n": 1000,
      "e": 1600,
      "buildMs": 1.703,
      "echoRoundTripMs": {
        "count": 200,
        "mean": 0.02284648999999433,
        "p50": 0.014457999999990534,
        "p95": 0.045624999999972715,
        "p99": 0.09429099999999835,
        "max": 0.6734159999999747,
        "min": 0.01091699999994944
      },
      "tickRoundTripMs": {
        "count": 300,
        "mean": 1.7364158600000015,
        "p50": 1.7090409999999565,
        "p95": 2.005416999999966,
        "p99": 2.2087920000000167,
        "max": 2.523292000000083,
        "min": 1.5195420000000013
      },
      "workerTickMs": {
        "count": 300,
        "mean": 1.6965693366666623,
        "p50": 1.6707080000001042,
        "p95": 1.9379999999999882,
        "p99": 2.1742499999999154,
        "max": 2.483624999999961,
        "min": 1.4934170000000222
      },
      "transferOverheadMs": {
        "count": 300,
        "mean": 0.03984652333333922,
        "p50": 0.0348749999999427,
        "p95": 0.07295799999997143,
        "p99": 0.10799899999994977,
        "max": 0.12958300000013878,
        "min": 0.01920800000016243
      },
      "freeRun": {
        "epochs": 300,
        "totalMs": 510.0300829999999,
        "epochsPerSec": 586.2399296945001,
        "interArrivalMs": {
          "count": 299,
          "mean": 1.7057862307692304,
          "p50": 1.6900840000000699,
          "p95": 1.9664999999999964,
          "p99": 2.101417000000083,
          "max": 2.1784170000000813,
          "min": 1.472208000000137
        }
      }
    },
    {
      "n": 3000,
      "e": 4800,
      "buildMs": 4.173,
      "echoRoundTripMs": {
        "count": 200,
        "mean": 0.018195869999987055,
        "p50": 0.012791999999990367,
        "p95": 0.024625000000014552,
        "p99": 0.04279199999996308,
        "max": 0.8000420000000759,
        "min": 0.009999999999990905
      },
      "tickRoundTripMs": {
        "count": 300,
        "mean": 6.530057913333329,
        "p50": 6.38391700000011,
        "p95": 7.072375000000193,
        "p99": 9.608208999999988,
        "max": 22.242291000000023,
        "min": 5.739332999999988
      },
      "workerTickMs": {
        "count": 300,
        "mean": 6.398700979999997,
        "p50": 6.267207999999755,
        "p95": 6.896791000000121,
        "p99": 7.549958000000061,
        "max": 22.05574999999999,
        "min": 5.683375000000069
      },
      "transferOverheadMs": {
        "count": 300,
        "mean": 0.1313569333333324,
        "p50": 0.08633400000007896,
        "p95": 0.30420900000035545,
        "p99": 0.4488749999995889,
        "max": 3.2417920000007143,
        "min": 0.0527090000005046
      },
      "freeRun": {
        "epochs": 300,
        "totalMs": 1917.6195420000004,
        "epochsPerSec": 155.9224827716112,
        "interArrivalMs": {
          "count": 299,
          "mean": 6.4134432842809375,
          "p50": 6.397541999999703,
          "p95": 7.061083000000508,
          "p99": 7.422916000000441,
          "max": 7.621000000000095,
          "min": 5.655041999999412
        }
      }
    },
    {
      "n": 5000,
      "e": 8000,
      "buildMs": 4.982,
      "echoRoundTripMs": {
        "count": 200,
        "mean": 0.02480560500001502,
        "p50": 0.012583000000631728,
        "p95": 0.04779099999996106,
        "p99": 0.11616599999979371,
        "max": 1.0239999999994325,
        "min": 0.009834000000410015
      },
      "tickRoundTripMs": {
        "count": 300,
        "mean": 11.65918314333336,
        "p50": 11.45037500000035,
        "p95": 12.361291999999594,
        "p99": 13.060374999999112,
        "max": 42.577416000000085,
        "min": 10.797582999999577
      },
      "workerTickMs": {
        "count": 300,
        "mean": 11.224905550000024,
        "p50": 11.047875000000204,
        "p95": 11.905042000000321,
        "p99": 12.49462500000027,
        "max": 42.263708000000406,
        "min": 10.404459000000315
      },
      "transferOverheadMs": {
        "count": 300,
        "mean": 0.434277593333336,
        "p50": 0.37775000000056025,
        "p95": 0.6662930000002234,
        "p99": 0.7745830000012575,
        "max": 5.816917000001922,
        "min": 0.2426259999992908
      },
      "freeRun": {
        "epochs": 300,
        "totalMs": 3450.4125829999994,
        "epochsPerSec": 86.65630350212528,
        "interArrivalMs": {
          "count": 299,
          "mean": 11.539841414715717,
          "p50": 11.430207999999766,
          "p95": 12.262833000000683,
          "p99": 14.11791699999958,
          "max": 14.504875000000538,
          "min": 10.690582999999606
        }
      }
    }
  ]
}