{
  "spike": "B-iii worker layout round-trip",
  "host": "darwin/arm64 node v25.8.0 (worker_threads proxy for browser module worker)",
  "capturedAt": "2026-07-04T05:16:22.994Z",
  "config": {
    "WARMUP_TICKS": 30,
    "MEASURE_TICKS": 300,
    "ECHO_ITERS": 200,
    "alphaTarget": 0.3
  },
  "results": [
    {
      "n": 1000,
      "e": 1600,
      "buildMs": 1.561,
      "echoRoundTripMs": {
        "count": 200,
        "mean": 0.12023704499999809,
        "p50": 0.043000000000006366,
        "p95": 0.2783749999999827,
        "p99": 1.9643750000000182,
        "max": 3.0344579999999723,
        "min": 0.014916999999968539
      },
      "tickRoundTripMs": {
        "count": 300,
        "mean": 3.4665115133333324,
        "p50": 3.0967079999998077,
        "p95": 5.241957999999954,
        "p99": 10.998542000000043,
        "max": 16.664416999999958,
        "min": 1.7808750000000373
      },
      "workerTickMs": {
        "count": 300,
        "mean": 3.1184144500000057,
        "p50": 2.8479999999999563,
        "p95": 4.786125000000084,
        "p99": 6.5942499999998745,
        "max": 15.403124999999932,
        "min": 1.7209589999999935
      },
      "transferOverheadMs": {
        "count": 300,
        "mean": 0.3480970633333266,
        "p50": 0.11670800000001691,
        "p95": 0.6385000000000218,
        "p99": 7.011749999999893,
        "max": 10.070167000000083,
        "min": 0.04283300000008694
      },
      "freeRun": {
        "epochs": 300,
        "totalMs": 820.4630830000001,
        "epochsPerSec": 364.4283407691117,
        "interArrivalMs": {
          "count": 299,
          "mean": 2.744023688963211,
          "p50": 2.1549579999998514,
          "p95": 5.491375000000062,
          "p99": 10.006624999999985,
          "max": 11.096040999999786,
          "min": 1.24474999999984
        }
      }
    },
    {
      "n": 3000,
      "e": 4800,
      "buildMs": 4.389,
      "echoRoundTripMs": {
        "count": 200,
        "mean": 0.03575449499999649,
        "p50": 0.02787499999976717,
        "p95": 0.05091599999968821,
        "p99": 0.09500000000025466,
        "max": 0.9695419999998194,
        "min": 0.02162499999985812
      },
      "tickRoundTripMs": {
        "count": 300,
        "mean": 10.222219589999996,
        "p50": 9.161583000000064,
        "p95": 16.58641699999953,
        "p99": 22.764750000000276,
        "max": 42.25429199999962,
        "min": 6.296750000000429
      },
      "workerTickMs": {
        "count": 300,
        "mean": 9.576446693333397,
        "p50": 8.716167000000496,
        "p95": 15.38220900000033,
        "p99": 22.21308399999998,
        "max": 42.07762500000035,
        "min": 6.221708000000035
      },
      "transferOverheadMs": {
        "count": 300,
        "mean": 0.6457728966666006,
        "p50": 0.17008199999963836,
        "p95": 3.4179159999994226,
        "p99": 7.910374000000047,
        "max": 13.400125000000116,
        "min": 0.07504200000039418
      },
      "freeRun": {
        "epochs": 300,
        "totalMs": 1972.9635829999997,
        "epochsPerSec": 151.54866647125542,
        "interArrivalMs": {
          "count": 299,
          "mean": 6.5985404113712365,
          "p50": 6.5795420000004015,
          "p95": 7.251459000000068,
          "p99": 7.7766660000006596,
          "max": 9.757375000000138,
          "min": 5.898541999999907
        }
      }
    },
    {
      "n": 5000,
      "e": 8000,
      "buildMs": 4.561,
      "echoRoundTripMs": {
        "count": 200,
        "mean": 0.02821710000001076,
        "p50": 0.013832999999976892,
        "p95": 0.04891700000007404,
        "p99": 0.10587499999928696,
        "max": 1.2354999999997744,
        "min": 0.009250000000065484
      },
      "tickRoundTripMs": {
        "count": 300,
        "mean": 11.962979030000007,
        "p50": 11.765917000000627,
        "p95": 13.163791000000856,
        "p99": 15.41254200000003,
        "max": 41.7431660000002,
        "min": 10.728124999999636
      },
      "workerTickMs": {
        "count": 300,
        "mean": 11.54653377333331,
        "p50": 11.319624999998268,
        "p95": 12.531209000000672,
        "p99": 14.479583000000275,
        "max": 40.99508400000013,
        "min": 10.512832999998864
      },
      "transferOverheadMs": {
        "count": 300,
        "mean": 0.4164452566666963,
        "p50": 0.38149999999950523,
        "p95": 0.6235839999990276,
        "p99": 0.7872499999994034,
        "max": 5.3657510000011825,
        "min": 0.20037500000034925
      },
      "freeRun": {
        "epochs": 300,
        "totalMs": 3356.0189170000012,
        "epochsPerSec": 89.09365751349246,
        "interArrivalMs": {
          "count": 299,
          "mean": 11.224143535117062,
          "p50": 11.03533299999981,
          "p95": 12.640041999999085,
          "p99": 12.864582999998674,
          "max": 13.200957999999446,
          "min": 10.378834000001007
        }
      }
    }
  ]
}